variable,count,mean,std,min,25%,50%,75%,max,original
dummy1,1000.0,-0.00023441319653877386,0.00932396330563983,-0.0278662981711809,-0.00698245362636325,-0.00072885169617385,0.006004006197218625,0.0299435474990477,0.0109144783131019
dummy2,1000.0,-7.393168430338415e-05,0.00907388207891758,-0.0271303986586738,-0.00623545629585155,-0.00010842039337559278,0.006085367422039975,0.0357057604122724,-0.0218958828187945
x1,1000.0,-0.08168708522259428,3.0744507840607933,-10.244439892565572,-1.9509580794449335,-0.04479653175262565,1.7599489411181897,28.207062578184,28.207062578184
x2,1000.0,0.15489917080716606,7.943724123019881,-20.481616781997666,-5.168232419158509,0.1151205854597392,5.355178124358879,75.05085857294989,75.05085857294989
x3,1000.0,0.04958782814058785,1.799660243599233,-5.86582340248984,-1.1781147809091992,0.0650836946770797,1.1924455003721077,17.74824759870375,17.74824759870375
